Datetime,actual,baseline_pred,augmented_pred
2018-06-22 14:00:00,11485.0,11734.534638524281,11678.103275405461
2018-06-22 15:00:00,11385.0,11686.749171289073,11740.544747804392
2018-06-22 16:00:00,11195.0,11686.749171289073,11740.544747804392
2018-06-22 17:00:00,11037.0,11580.835446159172,11635.952191376726
2018-06-22 18:00:00,10861.0,11306.162965693442,11255.690615253925
2018-06-22 19:00:00,10663.0,11262.254068816552,11197.246791543663
2018-06-22 20:00:00,10541.0,11230.69356419809,11171.989264658585
2018-06-22 21:00:00,10631.0,11060.749868671452,10945.96696636956
2018-06-22 22:00:00,10543.0,10779.241373672477,10806.918309705725
2018-06-22 23:00:00,9989.0,10585.087524039207,10635.214158823448
2018-06-23 00:00:00,9391.0,9697.539639469767,9464.933793406432
2018-06-23 01:00:00,8899.0,9239.868195217805,9191.66784927871
2018-06-23 02:00:00,8572.0,8998.904709628372,8936.151395977162
2018-06-23 03:00:00,8332.0,8737.890315072349,8605.621499577344
2018-06-23 04:00:00,8210.0,8492.207392222252,8480.279662378363
2018-06-23 05:00:00,8207.0,8489.868624172852,8493.995981003538
2018-06-23 06:00:00,8354.0,8937.729721839818,8873.940974026784
2018-06-23 07:00:00,8577.0,9199.025448281216,9387.204311800953
2018-06-23 08:00:00,9054.0,9384.442376290028,9627.033655619589
2018-06-23 09:00:00,9648.0,9622.060992553783,9815.545737980348
2018-06-23 10:00:00,10159.0,9890.717470721633,10150.301916467368
2018-06-23 11:00:00,10541.0,10187.12182573818,10290.613040144572
2018-06-23 12:00:00,10928.0,10465.980983298707,10472.128293054817
2018-06-23 13:00:00,11238.0,10505.396442408533,10492.315823959063
2018-06-23 14:00:00,11486.0,10776.0195800227,10758.165046267592
2018-06-23 15:00:00,11706.0,10844.617480275585,10811.386046307243
2018-06-23 16:00:00,11846.0,11327.938193761767,11482.117726606224
2018-06-23 17:00:00,11959.0,11433.564518826759,11672.231785362446
2018-06-23 18:00:00,11929.0,11471.792320642062,11615.356763494992
2018-06-23 19:00:00,11610.0,11628.13759293306,11671.700432058551
2018-06-23 20:00:00,11244.0,11529.285229296698,11637.212864270092
2018-06-23 21:00:00,11221.0,11265.61517713494,11553.471205041844
2018-06-23 22:00:00,11131.0,10664.875065921866,10757.153044698543
2018-06-23 23:00:00,10572.0,10394.438176295247,10645.468194658404
2018-06-24 00:00:00,9944.0,10043.809762869198,9614.268419858714
2018-06-24 01:00:00,9379.0,9493.83671398702,9214.76027301848
2018-06-24 02:00:00,8941.0,9273.339230358972,9072.488468043783
2018-06-24 03:00:00,8592.0,8942.797740347423,8898.752357358992
2018-06-24 04:00:00,8363.0,8683.917088951843,8785.40756371722
2018-06-24 05:00:00,8259.0,8477.221340387356,8736.636898765088
2018-06-24 06:00:00,8108.0,8883.985132499953,8945.115870563837
2018-06-24 07:00:00,8275.0,9146.832759197898,9325.682027187495
2018-06-24 08:00:00,8900.0,9041.188953109579,9356.342191037656
2018-06-24 09:00:00,9743.0,9439.942747976309,9683.452491320239
2018-06-24 10:00:00,10592.0,9603.5284792851,9903.990118763237
2018-06-24 11:00:00,11376.0,10121.483795565322,10229.037399086741
2018-06-24 12:00:00,12005.0,10419.50872991806,10546.663456043592
2018-06-24 13:00:00,12548.0,11304.271280934012,11552.465068823436
2018-06-24 14:00:00,12928.0,11639.402732176217,11712.879946681183
2018-06-24 15:00:00,13256.0,12281.549695505219,12723.489919087502
2018-06-24 16:00:00,13346.0,12619.231158972303,12872.744681638667
2018-06-24 17:00:00,13215.0,12947.404140286322,12997.30237544171
2018-06-24 18:00:00,13103.0,12980.153616476797,13186.064122786465
2018-06-24 19:00:00,12696.0,12946.870764111773,12971.163152208104
2018-06-24 20:00:00,12002.0,12487.993975016647,12639.685296936143
2018-06-24 21:00:00,11547.0,11950.12768092454,12188.409636864604
2018-06-24 22:00:00,11301.0,11516.027738739771,11644.531122492357
2018-06-24 23:00:00,10623.0,11305.731550228425,11312.01264985966
2018-06-25 00:00:00,9864.0,10709.37004732302,10329.961226449404
2018-06-25 01:00:00,9280.0,9886.410800305945,9464.246147020625
2018-06-25 02:00:00,8841.0,9365.356921834127,9142.482815991834
2018-06-25 03:00:00,8543.0,9192.380275051493,8994.181537296405
2018-06-25 04:00:00,8460.0,8972.292485842756,8923.999557311365
2018-06-25 05:00:00,8664.0,8945.78817965139,8872.52694323877
2018-06-25 06:00:00,9136.0,9723.908263143916,9524.241685219324
2018-06-25 07:00:00,10081.0,10333.690600807253,10248.84008988443
2018-06-25 08:00:00,11174.0,10769.067023660038,10620.283361800042
2018-06-25 09:00:00,11918.0,11245.789402574768,11121.865920348402
2018-06-25 10:00:00,12556.0,11529.29673948009,11387.427033206233
2018-06-25 11:00:00,13146.0,12028.867835809493,11977.302257658226
2018-06-25 12:00:00,13595.0,12838.43002238789,12715.640549757769
2018-06-25 13:00:00,13949.0,13407.059523056198,13255.985907416634
2018-06-25 14:00:00,14293.0,13279.731456180272,13140.401609071005
2018-06-25 15:00:00,14543.0,13651.160619707476,14066.071189296617
2018-06-25 16:00:00,14746.0,13651.160619707476,14192.592956196384
2018-06-25 17:00:00,14845.0,13584.816923105209,13900.424555594624
2018-06-25 18:00:00,14688.0,13483.857598318884,13982.685994827478
2018-06-25 19:00:00,14147.0,13434.907402240453,13699.838552381529
2018-06-25 20:00:00,13468.0,13298.627218517686,13462.55731309778
2018-06-25 21:00:00,13192.0,13209.618511879893,13323.895400388756
2018-06-25 22:00:00,12935.0,12803.773608670946,12908.405078434072
2018-06-25 23:00:00,12110.0,12583.025041019895,12617.901118068352
2018-06-26 00:00:00,11152.0,11669.70992829704,11006.063863928732
2018-06-26 01:00:00,10402.0,10879.133910982853,10670.953179289478
2018-06-26 02:00:00,9867.0,9971.521229034284,9896.444995816624
2018-06-26 03:00:00,9491.0,9612.319524301383,9701.56448417602
2018-06-26 04:00:00,9269.0,9385.034149377818,9394.783436206259
2018-06-26 05:00:00,9378.0,9447.493086442752,9319.25685147348
2018-06-26 06:00:00,9769.0,10093.07484015039,9852.761889244033
2018-06-26 07:00:00,10528.0,10884.753078384676,10747.98086164238
2018-06-26 08:00:00,11358.0,11332.875594567424,11157.66645933591
2018-06-26 09:00:00,11865.0,11719.185034739023,11759.576248106569
2018-06-26 10:00:00,12237.0,12418.457341341025,12592.700348208075
2018-06-26 11:00:00,12833.0,12602.960016458086,12596.961596001162
2018-06-26 12:00:00,13211.0,12721.635936775601,12848.661084281064
2018-06-26 13:00:00,13702.0,13223.592607218125,13382.185841367824
2018-06-26 14:00:00,14279.0,13609.45525268867,13697.823813563611
2018-06-26 15:00:00,15081.0,14094.6458685769,14368.48304001953
2018-06-26 16:00:00,15453.0,14113.4108685769,14379.796195204148
2018-06-26 17:00:00,15369.0,15636.672313382203,16166.749427915733
2018-06-26 18:00:00,15177.0,15606.052313382204,16060.941021483932
2018-06-26 19:00:00,14546.0,15389.826991253352,15851.515873076783
2018-06-26 20:00:00,14039.0,15088.263937820353,15746.242868706679
2018-06-26 21:00:00,13750.0,13351.966321099826,13545.682507736377
2018-06-26 22:00:00,13373.0,13187.97344871705,13442.701569557597
2018-06-26 23:00:00,12504.0,13139.804386583108,13317.174908938345
2018-06-27 00:00:00,11521.0,12304.53311479841,12198.414388210687
2018-06-27 01:00:00,10748.0,11402.121700149559,11304.424234038834
2018-06-27 02:00:00,10212.0,10683.560043872883,10611.089041137244
2018-06-27 03:00:00,9850.0,10079.601465322232,10081.380237532441
2018-06-27 04:00:00,9697.0,9668.662205283445,9880.273026634495
2018-06-27 05:00:00,9790.0,9715.028373762058,9853.689660871247
2018-06-27 06:00:00,10334.0,10104.20904063176,10170.813113337568
2018-06-27 07:00:00,11146.0,10895.107196153167,11090.779661192686
2018-06-27 08:00:00,11983.0,11551.95757993309,11765.073437175746
2018-06-27 09:00:00,12537.0,11990.731172965325,12304.058954165774
2018-06-27 10:00:00,12968.0,12598.683497810762,13145.972523042323
2018-06-27 11:00:00,13463.0,12962.62665900209,13183.412300736974
2018-06-27 12:00:00,13743.0,13347.144943967962,13466.753495633926
2018-06-27 13:00:00,14092.0,13445.770919468281,13767.217060403716
2018-06-27 14:00:00,14671.0,14099.28956272261,14487.381305504907
2018-06-27 15:00:00,15095.0,14201.075056217725,14414.954664229517
2018-06-27 16:00:00,15163.0,14412.843995842612,14458.0450387255
2018-06-27 17:00:00,15069.0,15919.53980796361,16198.526934890782
2018-06-27 18:00:00,15012.0,15876.368950820754,15997.728427459875
2018-06-27 19:00:00,14652.0,15580.392723929996,15898.060448599297
2018-06-27 20:00:00,14115.0,15154.238574653202,15486.647598180596
2018-06-27 21:00:00,13663.0,13631.453677508114,13694.272422725848
2018-06-27 22:00:00,13308.0,13594.056586998882,13661.179629012313
2018-06-27 23:00:00,12389.0,13149.627725878408,13481.086906053793
2018-06-28 00:00:00,11297.0,12096.997411333632,12146.205728401146
2018-06-28 01:00:00,10486.0,11199.147560871039,11057.306251125436
2018-06-28 02:00:00,9927.0,10807.518633474869,10522.756637338438
2018-06-28 03:00:00,9542.0,9798.16321623359,9971.735460761261
2018-06-28 04:00:00,9374.0,9638.561904350427,9702.184343881783
2018-06-28 05:00:00,9474.0,9613.807998687758,9604.060457114276
2018-06-28 06:00:00,9888.0,10178.12693983064,10135.06787591889
2018-06-28 07:00:00,10956.0,10908.021036792821,11048.570288246756
2018-06-28 08:00:00,12254.0,11506.918628442145,11350.105805655909
2018-06-28 09:00:00,13390.0,12202.91994256159,12250.008732265655
2018-06-28 10:00:00,14381.0,12901.385748132867,13018.992118659748
2018-06-28 11:00:00,15291.0,13458.187385844381,13768.343170892374
2018-06-28 12:00:00,16059.0,13870.556986691932,14363.237991819402
2018-06-28 13:00:00,16715.0,15555.316426220144,16008.598401671736
2018-06-28 14:00:00,17322.0,15534.521759553481,16233.692932591957
2018-06-28 15:00:00,17736.0,16214.94808064823,16355.908334597252
2018-06-28 16:00:00,17998.0,16400.839342917105,16443.657997533563
2018-06-28 17:00:00,18075.0,16539.593291329806,16374.760276671092
2018-06-28 18:00:00,17677.0,16484.873687319778,16255.177975790186
2018-06-28 19:00:00,16999.0,16417.45433671287,16225.425341544862
2018-06-28 20:00:00,16355.0,15894.017299343368,15844.925438542836
2018-06-28 21:00:00,15863.0,15785.381910454476,15784.923553927454
2018-06-28 22:00:00,15400.0,15990.732397308364,15667.963638102226
2018-06-28 23:00:00,14306.0,15009.347718568017,15162.36480554979
2018-06-29 00:00:00,13028.0,13782.347432743723,13972.733046118754
2018-06-29 01:00:00,11948.0,12320.969014867158,12357.486173844762
2018-06-29 02:00:00,11243.0,11428.967517457908,11413.87549440753
2018-06-29 03:00:00,10764.0,10845.557376780971,10690.65404697907
2018-06-29 04:00:00,10529.0,10513.84821761353,10460.379784118091
2018-06-29 05:00:00,10599.0,10494.639971716837,10520.6528685487
2018-06-29 06:00:00,11035.0,10664.159219962568,10484.883304967834
2018-06-29 07:00:00,12137.0,11291.427164836223,11363.306919000584
2018-06-29 08:00:00,13605.0,12084.358559814482,12486.16742404966
2018-06-29 09:00:00,14950.0,13138.65430278833,13773.082748550456
2018-06-29 10:00:00,16120.0,14606.740401662913,14898.75275537692
2018-06-29 11:00:00,17214.0,16671.762011756004,16521.950365749766
2018-06-29 12:00:00,18179.0,17623.52203961908,16923.174171153074
2018-06-29 13:00:00,18953.0,17623.52203961908,17199.80422138207
2018-06-29 14:00:00,19756.0,17722.417277714318,17173.705258357986
2018-06-29 15:00:00,20375.0,17737.46780403011,17376.52985359608
2018-06-29 16:00:00,20745.0,17320.312560168706,17251.376410754387
2018-06-29 17:00:00,20996.0,17095.311390144285,17102.713163337103
2018-06-29 18:00:00,20915.0,16831.339194562086,16164.589695814426
2018-06-29 19:00:00,20530.0,16024.068314636457,16158.160893197457
2018-06-29 20:00:00,19965.0,15734.035619273849,15688.436101256064
2018-06-29 21:00:00,19389.0,15262.317187192331,16010.025226575191
2018-06-29 22:00:00,18848.0,15105.677234811381,15963.766202765668
2018-06-29 23:00:00,17633.0,15080.752591954237,15959.761766868234
2018-06-30 00:00:00,16412.0,14313.253761904763,14508.977209401708
2018-06-30 01:00:00,15313.0,13525.958999999999,13775.820028626926
2018-06-30 02:00:00,14478.0,13769.150095238094,14085.063312093464
2018-06-30 03:00:00,13758.0,13226.042815805107,13915.744245382399
2018-06-30 04:00:00,13263.0,12134.985295903718,13051.114874370074
2018-06-30 05:00:00,12937.0,12194.593555302212,12862.293535340023
2018-06-30 06:00:00,12778.0,12357.781252262526,12486.430181410931
2018-06-30 07:00:00,13219.0,12940.468087659583,13145.269551347254
2018-06-30 08:00:00,14318.0,13494.804556327907,14102.425413031195
2018-06-30 09:00:00,15662.0,13712.367659001786,14397.376070027029
2018-06-30 10:00:00,17009.0,14811.816876907287,15095.213832496152
2018-06-30 11:00:00,18114.0,16775.179481734915,16402.520810927374
2018-06-30 12:00:00,18832.0,16866.804199683633,17283.032059678622
2018-06-30 13:00:00,19302.0,17295.902619957804,17352.04532248307
2018-06-30 14:00:00,19605.0,17625.023666133853,17296.243521634296
2018-06-30 15:00:00,19821.0,18208.60698081333,17482.27373160517
2018-06-30 16:00:00,19937.0,18208.60698081333,17375.815555781
2018-06-30 17:00:00,19954.0,18072.019869702213,17270.418042306166
2018-06-30 18:00:00,19790.0,17727.87531403566,16729.38032559452
2018-06-30 19:00:00,19376.0,17290.566389737734,16435.453032941772
2018-06-30 20:00:00,18709.0,16550.56009319218,16744.40834281319
2018-06-30 21:00:00,18086.0,16222.903997899593,16576.140973765567
2018-06-30 22:00:00,17611.0,16133.59566456626,16473.05554496922
2018-06-30 23:00:00,16600.0,15778.138088808688,16163.310520225987
2018-07-01 00:00:00,15466.0,15744.42797979798,16309.335045098036
2018-07-01 01:00:00,14452.0,16478.485035698835,16333.250668907564
2018-07-01 02:00:00,13586.0,16969.70705737161,15935.1034058151
2018-07-01 03:00:00,12906.0,13928.330891390617,13877.631515160845
2018-07-01 04:00:00,12416.0,13199.316410889574,13445.513976699305
2018-07-01 05:00:00,12099.0,12948.578441855108,13423.315546242842
2018-07-01 06:00:00,11849.0,12964.238771054643,12944.859978705388
2018-07-01 07:00:00,11960.0,13314.880869039218,13256.047091800627
2018-07-01 08:00:00,12831.0,13822.631211131838,13915.298362858615
2018-07-01 09:00:00,14181.0,14219.239944506728,14842.552675632243
2018-07-01 10:00:00,15384.0,14616.303203394853,15101.734271131354
2018-07-01 11:00:00,16494.0,15595.571021697686,15858.39019712013
2018-07-01 12:00:00,17474.0,18430.07792673129,17606.699731129393
2018-07-01 13:00:00,18150.0,18625.468924201832,18191.747005732566
2018-07-01 14:00:00,18634.0,18103.07944801136,18749.327974291788
2018-07-01 15:00:00,18932.0,18117.591114678024,18762.847974291784
2018-07-01 16:00:00,18909.0,18117.984448011357,18888.158625085438
2018-07-01 17:00:00,18056.0,18117.984448011357,18914.776541935258
2018-07-01 18:00:00,16710.0,17963.66611467802,18798.674736307552
2018-07-01 19:00:00,15828.0,17386.669919068077,18432.74997440279
2018-07-01 20:00:00,15320.0,17103.26993421959,17861.84388827839
2018-07-01 21:00:00,14968.0,17167.624817414897,17565.846578754576
2018-07-01 22:00:00,14812.0,17424.81408212078,17839.241123199023
2018-07-01 23:00:00,14068.0,16559.09894276598,16390.614379548224
2018-07-02 00:00:00,13134.0,13473.617478151076,13897.54079424698
2018-07-02 01:00:00,12278.0,13311.331978151075,13909.090794246978
2018-07-02 02:00:00,11615.0,12483.692994031924,13075.461806878791
2018-07-02 03:00:00,11131.0,11767.57686440077,11856.206378414585
2018-07-02 04:00:00,10787.0,11509.61254605749,11919.002267336617
2018-07-02 05:00:00,10806.0,11448.317697925717,11654.882460729094
2018-07-02 06:00:00,11065.0,11484.900511745504,11761.861535741482
2018-07-02 07:00:00,11845.0,12151.72853918119,12382.64685080909
2018-07-02 08:00:00,13042.0,12544.363943276023,12961.115065353304
2018-07-02 09:00:00,13947.0,13568.345557407687,13598.718930896854
2018-07-02 10:00:00,14665.0,14290.323036403643,14496.20689721071
2018-07-02 11:00:00,15322.0,15173.165769867872,15108.474901459873
2018-07-02 12:00:00,15786.0,14948.895399497504,14884.658916153516
2018-07-02 13:00:00,16229.0,18124.103228708726,17852.85251039341
2018-07-02 14:00:00,16688.0,18162.488228708728,17799.01484372674
2018-07-02 15:00:00,17072.0,18251.450562042057,18096.38466440751
2018-07-02 16:00:00,17356.0,18251.450562042057,18096.38466440751
2018-07-02 17:00:00,17486.0,18237.150562042058,18444.350133712524
2018-07-02 18:00:00,17413.0,18071.692228708725,18231.719712219598
2018-07-02 19:00:00,16871.0,17516.628828553323,17639.606437327824
2018-07-02 20:00:00,15962.0,17081.043010371508,17358.144055642842
2018-07-02 21:00:00,14964.0,16872.33329130796,17156.56088897618
2018-07-02 22:00:00,14266.0,16813.360056013847,16914.557555642845
2018-07-02 23:00:00,13017.0,16194.699193978535,16067.948690228688
2018-07-03 00:00:00,11743.0,12855.525421417307,13023.666358478291
2018-07-03 01:00:00,10726.0,11574.457171637316,11570.60915195829
2018-07-03 02:00:00,10103.0,11072.70061985291,11093.855151487815
2018-07-03 03:00:00,9653.0,10422.271363516278,10379.46686583645
2018-07-03 04:00:00,9461.0,10256.519239888597,10120.146559895045
2018-07-03 05:00:00,9557.0,9920.506763116393,9967.180272113443
2018-07-03 06:00:00,9977.0,10476.723974263032,10511.669345899567
2018-07-03 07:00:00,10947.0,11261.340505306282,11407.975538462326
2018-07-03 08:00:00,12122.0,12062.546247007618,11739.642608345406
2018-07-03 09:00:00,13286.0,12426.43235379873,12293.039916980711
2018-07-03 10:00:00,14391.0,13339.918649529205,13311.638938957827
2018-07-03 11:00:00,15475.0,13830.683168315676,13988.1060690727
2018-07-03 12:00:00,16418.0,14210.274868947694,14522.595617807814
2018-07-03 13:00:00,17310.0,16133.955853916179,16299.076092649451
2018-07-03 14:00:00,18058.0,16090.716520582844,16467.66357144988
2018-07-03 15:00:00,18492.0,16226.406547285977,16640.870550722397
2018-07-03 16:00:00,18765.0,16201.594880619312,17268.771676279277
2018-07-03 17:00:00,19005.0,16140.731244255678,17097.48511062271
2018-07-03 18:00:00,18939.0,16124.79695854139,17055.2707971584
2018-07-03 19:00:00,18328.0,15940.980038183967,16947.576074325676
2018-07-03 20:00:00,17483.0,15884.908538183965,16775.748664224666
2018-07-03 21:00:00,16798.0,15678.792203839203,16941.99565811966
2018-07-03 22:00:00,16263.0,15657.223968545084,16607.183118437122
2018-07-03 23:00:00,15221.0,15417.845536979063,16312.358673992681
2018-07-04 00:00:00,14123.0,13366.976507575759,14844.795842768342
2018-07-04 01:00:00,13088.0,13812.646380219992,14265.37762842713
2018-07-04 02:00:00,12394.0,12327.689793850423,12083.119290497618
2018-07-04 03:00:00,11815.0,11473.858250365902,11551.172989798313
2018-07-04 04:00:00,11435.0,11199.603024073002,11482.020312096469
2018-07-04 05:00:00,11185.0,11561.805421494008,11293.746229840828
2018-07-04 06:00:00,11026.0,11752.01718832195,11477.37013078047
2018-07-04 07:00:00,11339.0,11746.574821886554,11960.291551231052
2018-07-04 08:00:00,12266.0,11964.841023431443,12561.791387160709
2018-07-04 09:00:00,13470.0,12630.492927384814,13256.516014503659
2018-07-04 10:00:00,14834.0,13053.003313036912,13480.778812831952
2018-07-04 11:00:00,16089.0,13656.245043430969,13935.243057999558
2018-07-04 12:00:00,16913.0,14161.389753507578,14271.497087495332
2018-07-04 13:00:00,17377.0,16207.143254349083,16754.289185196038
2018-07-04 14:00:00,17818.0,16277.061349587175,16520.286738116545
2018-07-04 15:00:00,17984.0,16425.404233433168,16620.51903390409
2018-07-04 16:00:00,18021.0,16400.5925667665,17132.826614285714
2018-07-04 17:00:00,17834.0,16339.728930402865,17155.472513275614
2018-07-04 18:00:00,17700.0,16323.79464468858,17036.008530980132
2018-07-04 19:00:00,17134.0,16094.179724331156,17023.43980875791
2018-07-04 20:00:00,16365.0,16002.862224331157,17132.466934676435
2018-07-04 21:00:00,15949.0,15774.52921971222,16605.626849206354
2018-07-04 22:00:00,15347.0,15752.960984418101,16737.056852869355
2018-07-04 23:00:00,14424.0,15727.440762195878,16597.70740842491
2018-07-05 00:00:00,13451.0,14969.122719646806,16909.755075702073
2018-07-05 01:00:00,12563.0,12856.315478046527,13408.297331719452
2018-07-05 02:00:00,11826.0,11780.167017705966,12298.882661718999
2018-07-05 03:00:00,11305.0,11486.376156907605,11941.483020688975
2018-07-05 04:00:00,11086.0,10916.545314024961,11318.836809206903
2018-07-05 05:00:00,11140.0,11387.708883709134,11626.814637371073
2018-07-05 06:00:00,11533.0,11571.374401564965,11444.225895671916
2018-07-05 07:00:00,12568.0,12057.491659024874,12098.421856338775
2018-07-05 08:00:00,14000.0,12715.012123206661,12901.26095944607
2018-07-05 09:00:00,15428.0,13171.164124047427,13731.333892872668
2018-07-05 10:00:00,16799.0,13831.055361649145,14412.180181237763
2018-07-05 11:00:00,18001.0,16012.33515251949,16295.123148784302
2018-07-05 12:00:00,18945.0,16477.662275772553,16453.678558847667
2018-07-05 13:00:00,19530.0,16477.662275772553,16417.477686120394
2018-07-05 14:00:00,19488.0,16576.557513867792,16688.174795808853
2018-07-05 15:00:00,18228.0,16576.557513867792,17530.793473593076
2018-07-05 16:00:00,17390.0,16576.557513867792,17132.32937619048
2018-07-05 17:00:00,17069.0,16575.23306942335,17120.51837252747
2018-07-05 18:00:00,16812.0,16596.573069423346,17084.367175946274
2018-07-05 19:00:00,16374.0,16300.789339542116,17043.816463214567
2018-07-05 20:00:00,16103.0,16143.905410970687,16349.775280332635
2018-07-05 21:00:00,15679.0,16032.596956864407,15821.05296692382
2018-07-05 22:00:00,15347.0,15973.434456864406,15804.65933947284
2018-07-05 23:00:00,14329.0,15907.595567975517,16334.128912929415
2018-07-06 00:00:00,13178.0,14490.071870745707,14945.214296317163
2018-07-06 01:00:00,12136.0,12635.705575697859,13170.797923096512
2018-07-06 02:00:00,11303.0,12043.415916547578,12405.891770771397
2018-07-06 03:00:00,10677.0,10990.628397760007,11395.051036026473
2018-07-06 04:00:00,10317.0,10916.975969391991,11224.285047590187
2018-07-06 05:00:00,10275.0,10713.429643464095,10615.23866667807
2018-07-06 06:00:00,10455.0,11041.444148943638,11184.45512233763
2018-07-06 07:00:00,11248.0,12085.146664475607,12057.658837356174
2018-07-06 08:00:00,12290.0,12288.87707501688,12244.631907054007
2018-07-06 09:00:00,13028.0,12217.08425813711,12802.749127454523
2018-07-06 10:00:00,13513.0,13009.580957096747,13088.416247734602
2018-07-06 11:00:00,13875.0,13251.06798122402,13475.553304784182
2018-07-06 12:00:00,13973.0,13360.039856077025,13806.623765542814
2018-07-06 13:00:00,14025.0,13764.929733202534,14197.135228314703
2018-07-06 14:00:00,14200.0,13753.17727166407,14272.632561648037
2018-07-06 15:00:00,14286.0,13704.662871664073,14215.103990219464
2018-07-06 16:00:00,14381.0,13663.479470697894,14223.53110850408
2018-07-06 17:00:00,14375.0,13668.030515556413,14032.433951962
2018-07-06 18:00:00,14183.0,13570.424690159587,14103.62465650746
2018-07-06 19:00:00,13590.0,13377.431074453652,13784.318509868453
2018-07-06 20:00:00,12901.0,13301.658579948158,13710.430798848301
2018-07-06 21:00:00,12191.0,12650.750174868155,13273.640747717056
2018-07-06 22:00:00,11826.0,12187.935797102797,12933.96412772364
2018-07-06 23:00:00,11082.0,11826.499854775451,12461.244751499535
2018-07-07 00:00:00,10248.0,11371.417155715813,11616.55719689378
2018-07-07 01:00:00,9600.0,10261.112715540221,10003.535908790986
2018-07-07 02:00:00,9144.0,9837.48416098169,9709.49925743062
2018-07-07 03:00:00,8806.0,9373.627958559548,9330.054411348272
2018-07-07 04:00:00,8626.0,9202.558235492803,9136.09621227961
2018-07-07 05:00:00,8599.0,9185.011100287067,9327.703482771416
2018-07-07 06:00:00,8517.0,9381.258634479635,9639.756611514722
2018-07-07 07:00:00,8858.0,9970.606477335945,9916.40624074084
2018-07-07 08:00:00,9497.0,10400.230014781657,10165.15301080468
2018-07-07 09:00:00,10171.0,10626.677842243142,10496.117740818068
2018-07-07 10:00:00,10731.0,10452.748001230222,10547.198729685357
2018-07-07 11:00:00,11283.0,10960.180387977625,10825.00618253988
2018-07-07 12:00:00,11668.0,10598.498743308675,10737.031965776005
2018-07-07 13:00:00,12011.0,11587.959435287297,11653.349316571272
2018-07-07 14:00:00,12201.0,11593.219598414398,11838.99558589508
2018-07-07 15:00:00,12601.0,11674.970788471144,12442.2912976428
2018-07-07 16:00:00,12934.0,11797.793683838647,12512.472946457276
2018-07-07 17:00:00,13277.0,12375.478157016354,12975.304937967163
2018-07-07 18:00:00,13302.0,12697.012610653115,13121.321710477667
2018-07-07 19:00:00,13043.0,12924.862069822622,13142.53224495381
2018-07-07 20:00:00,12489.0,12966.1293698371,13180.725048369994
2018-07-07 21:00:00,11924.0,12621.103945674882,12757.583174914831
2018-07-07 22:00:00,11603.0,12009.957808037412,12322.181904414181
2018-07-07 23:00:00,10929.0,11422.41316607929,11693.411728899404
2018-07-08 00:00:00,10198.0,10802.1169026349,10441.174737355297
2018-07-08 01:00:00,9532.0,10120.153193690418,9678.977785053778
2018-07-08 02:00:00,9072.0,9533.370060029547,9392.892899815495
2018-07-08 03:00:00,8691.0,9134.628541839205,9091.55777201626
2018-07-08 04:00:00,8466.0,8828.062771384604,8835.300773860656
2018-07-08 05:00:00,8339.0,8738.575982918725,8808.520286755615
2018-07-08 06:00:00,8228.0,9150.761860791266,9175.435532822017
2018-07-08 07:00:00,8334.0,9407.329275488222,9410.467152039218
2018-07-08 08:00:00,8914.0,9560.61614431881,9584.747732121416
2018-07-08 09:00:00,9667.0,9573.663636420555,9614.662163645376
2018-07-08 10:00:00,10550.0,9838.790722333002,10005.596219416977
2018-07-08 11:00:00,11297.0,10208.476169546968,10277.730522051888
2018-07-08 12:00:00,12028.0,10635.526399859886,10659.945004927811
2018-07-08 13:00:00,12625.0,11444.833336563373,11957.957529770325
2018-07-08 14:00:00,13232.0,11829.805041093678,12207.536427737496
2018-07-08 15:00:00,13855.0,12559.411866306427,12945.789756448588
2018-07-08 16:00:00,14422.0,13106.113164141501,13376.721592032432
2018-07-08 17:00:00,14933.0,13515.973251755131,13752.368243428204
2018-07-08 18:00:00,15116.0,13453.686318421796,13813.10128592404
2018-07-08 19:00:00,14988.0,14218.393140796441,14557.164448610023
2018-07-08 20:00:00,14546.0,14090.066067564117,14538.053482860136
2018-07-08 21:00:00,13953.0,14040.353087593428,14767.157368298365
2018-07-08 22:00:00,13635.0,12955.87909548349,13589.634232905084
2018-07-08 23:00:00,12699.0,12765.674550373207,12955.548227981297
2018-07-09 00:00:00,11660.0,12452.235605393776,11869.031349305053
2018-07-09 01:00:00,10817.0,11520.559001188196,11188.032338017674
2018-07-09 02:00:00,10213.0,10875.1142951979,10634.12892780741
2018-07-09 03:00:00,9759.0,9931.169575947035,9626.183270400039
2018-07-09 04:00:00,9588.0,9504.158143172604,9375.614824191942
2018-07-09 05:00:00,9715.0,9318.252852079713,9187.81533205682
2018-07-09 06:00:00,10140.0,10081.964557554948,9910.09114960653
2018-07-09 07:00:00,11073.0,10795.929206739796,10777.17857139949
2018-07-09 08:00:00,12453.0,11205.600094004269,11214.327605507604
2018-07-09 09:00:00,13593.0,11533.661977959046,11794.337543560148
2018-07-09 10:00:00,14683.0,12895.990700830438,13013.312324497085
2018-07-09 11:00:00,15689.0,13392.434365859819,13407.160904880124
2018-07-09 12:00:00,16510.0,13697.376179343453,13878.840690513824
2018-07-09 13:00:00,17248.0,14936.969531824654,16141.461523615657
2018-07-09 14:00:00,17951.0,15240.79319144033,16219.700569136254
2018-07-09 15:00:00,18528.0,15693.926761088038,16668.945006643193
2018-07-09 16:00:00,19037.0,16745.68985677761,17614.574556622945
2018-07-09 17:00:00,19325.0,16690.459856777612,17132.012295049397
2018-07-09 18:00:00,19096.0,17208.370476468757,18294.901176001775
2018-07-09 19:00:00,18642.0,17516.628828553323,17656.643147252747
2018-07-09 20:00:00,18103.0,17179.147010371507,17561.787772893775
2018-07-09 21:00:00,17393.0,16453.53743480416,16948.929472527474
2018-07-09 22:00:00,16777.0,16398.698963819807,16947.81061172161
2018-07-09 23:00:00,15533.0,16231.652574930917,16776.687183150185
2018-07-10 00:00:00,14232.0,13427.05872248804,14618.041953268954
2018-07-10 01:00:00,13214.0,13564.935849916963,14383.448141303144
2018-07-10 02:00:00,12485.0,12360.646729401124,12133.417903862031
2018-07-10 03:00:00,11964.0,11658.967985579884,11619.786350298924
2018-07-10 04:00:00,11681.0,11607.084979398314,11682.595098342483
2018-07-10 05:00:00,11702.0,11595.326517283143,11213.222925200867
2018-07-10 06:00:00,12098.0,12017.860233343592,11406.44966566419
2018-07-10 07:00:00,13077.0,12610.830871494738,12468.711574101711
2018-07-10 08:00:00,14477.0,12952.597061755334,12851.241403806182
2018-07-10 09:00:00,15589.0,13388.471083971624,14116.412312227765
2018-07-10 10:00:00,16496.0,13880.637028315812,14641.146265530699
2018-07-10 11:00:00,17310.0,15907.564942533738,16249.328186584777
2018-07-10 12:00:00,17793.0,16219.919880619313,16662.452467237425
2018-07-10 13:00:00,18121.0,16219.919880619313,16639.29220057076
2018-07-10 14:00:00,18420.0,16226.406547285977,16536.629867237425
2018-07-10 15:00:00,18515.0,16226.406547285977,16952.660910413015
2018-07-10 16:00:00,18514.0,16201.594880619312,17018.680910413015
2018-07-10 17:00:00,18318.0,16140.731244255678,17303.891660818164
2018-07-10 18:00:00,17850.0,16124.79695854139,16987.091725753227
2018-07-10 19:00:00,16923.0,15940.980038183967,16941.910274759775
2018-07-10 20:00:00,15969.0,15884.908538183965,16493.406707792205
2018-07-10 21:00:00,15217.0,15831.117230542335,16296.11888827839
2018-07-10 22:00:00,14704.0,15809.548995248217,16279.847138278388
2018-07-10 23:00:00,13596.0,15743.710106359327,15550.276686507936
2018-07-11 00:00:00,12391.0,13083.67814108942,13173.18103582647
2018-07-11 01:00:00,11420.0,12310.48479394595,12749.535876642123
2018-07-11 02:00:00,10721.0,11272.600859908247,11467.247812455573
2018-07-11 03:00:00,10242.0,11185.21430729453,11286.467242330835
2018-07-11 04:00:00,9981.0,10635.405792478521,10672.392319772038
2018-07-11 05:00:00,10003.0,10765.928706931136,10856.21822726923
2018-07-11 06:00:00,10420.0,10950.548162255403,11158.465320855628
2018-07-11 07:00:00,11328.0,11948.45059681171,11875.492637018393
2018-07-11 08:00:00,12551.0,12279.598973988595,12201.421385849848
2018-07-11 09:00:00,13566.0,13015.97585519635,13299.686837280866
2018-07-11 10:00:00,14482.0,13476.82674112758,13375.826204533836
2018-07-11 11:00:00,15374.0,13733.864788502253,13701.022197889672
2018-07-11 12:00:00,16066.0,14139.320680781495,14160.192201302301
2018-07-11 13:00:00,16712.0,16355.486138195072,16640.742368940413
2018-07-11 14:00:00,17347.0,16425.404233433168,16337.235644083143
2018-07-11 15:00:00,17782.0,16425.404233433168,16644.58003484938
2018-07-11 16:00:00,18084.0,16400.5925667665,16609.225749135094
2018-07-11 17:00:00,18135.0,16339.728930402865,16746.479568498165
2018-07-11 18:00:00,17944.0,16323.79464468858,16724.470442468333
2018-07-11 19:00:00,17327.0,16094.179724331156,16154.690348081947
2018-07-11 20:00:00,16450.0,16002.862224331157,16505.978584859586
2018-07-11 21:00:00,15621.0,15939.507103558208,16046.15870632371
2018-07-11 22:00:00,15012.0,15917.938868264093,15671.478484711984
2018-07-11 23:00:00,13895.0,15491.729853364737,15221.41433025533
2018-07-12 00:00:00,12715.0,13486.336305555556,14005.12428533156
2018-07-12 01:00:00,11750.0,12583.30358283729,12672.979502049006
2018-07-12 02:00:00,11046.0,11367.667540283488,11351.4173753472
2018-07-12 03:00:00,10513.0,10972.978132548942,10899.08895953848
2018-07-12 04:00:00,10231.0,10648.725036303806,10251.274274667756
2018-07-12 05:00:00,10299.0,10094.194115532458,10349.06254029952
2018-07-12 06:00:00,10760.0,10544.331097433907,10800.364209320745
2018-07-12 07:00:00,11643.0,11447.890842902712,11637.909550413073
2018-07-12 08:00:00,12805.0,12084.185262426445,12289.172139369759
2018-07-12 09:00:00,13811.0,12957.244259086723,13128.877981997248
2018-07-12 10:00:00,14568.0,13331.679261055782,13538.145550610141
2018-07-12 11:00:00,15421.0,13977.52404577325,13995.566636291833
2018-07-12 12:00:00,16236.0,14036.745048462206,14123.940847766946
2018-07-12 13:00:00,16855.0,16477.662275772553,16450.781017099016
2018-07-12 14:00:00,17366.0,16576.557513867792,16611.012778439126
2018-07-12 15:00:00,17581.0,16576.557513867792,17127.26313093573
2018-07-12 16:00:00,17713.0,16576.557513867792,17000.226424789318
2018-07-12 17:00:00,17751.0,16575.23306942335,16946.022249983347
2018-07-12 18:00:00,17622.0,16596.573069423346,17079.86492231102
2018-07-12 19:00:00,17173.0,16300.789339542116,16798.599366144965
2018-07-12 20:00:00,16594.0,16143.905410970687,16621.809196581195
2018-07-12 21:00:00,16067.0,16032.596956864407,16550.254952380954
2018-07-12 22:00:00,15557.0,15973.434456864406,16839.87734587814
2018-07-12 23:00:00,14475.0,15907.595567975517,16801.368774449566
2018-07-13 00:00:00,13357.0,14490.071870745707,15388.610149752862
2018-07-13 01:00:00,12296.0,12682.818346165694,12945.804616154153
2018-07-13 02:00:00,11618.0,12012.868287666637,12250.608686512103
2018-07-13 03:00:00,11076.0,11225.43215796917,11367.247323557745
2018-07-13 04:00:00,10709.0,11137.80400375607,11315.441777628215
2018-07-13 05:00:00,10699.0,10843.954421138365,10641.848839345772
2018-07-13 06:00:00,11080.0,11082.95819832708,10785.181472031492
2018-07-13 07:00:00,11937.0,11652.387430549159,11801.183236542081
2018-07-13 08:00:00,13237.0,12308.723252464108,12404.288314582265
2018-07-13 09:00:00,14347.0,13002.774755615215,13185.526512188764
2018-07-13 10:00:00,15396.0,13447.084125929825,13829.882789228492
2018-07-13 11:00:00,16430.0,13819.85320520653,14080.769045382744
2018-07-13 12:00:00,17257.0,16130.98164986307,16447.72388439604
2018-07-13 13:00:00,18027.0,16130.98164986307,16713.62354336374
2018-07-13 14:00:00,18756.0,16229.876887958311,16846.206482112026
2018-07-13 15:00:00,19279.0,16326.88090275668,16970.88733748773
2018-07-13 16:00:00,19599.0,16326.88090275668,16952.42132100421
2018-07-13 17:00:00,19773.0,16325.556458312236,17191.266975148865
2018-07-13 18:00:00,19682.0,16241.304124978902,16900.48138201798
2018-07-13 19:00:00,19208.0,15774.887380299302,16404.53291971917
2018-07-13 20:00:00,18332.0,15744.424951727873,16346.90889774115
2018-07-13 21:00:00,17525.0,15649.585783335877,16345.787156288156
2018-07-13 22:00:00,16735.0,15725.653279367623,16316.39557191545
2018-07-13 23:00:00,15608.0,15827.534215040137,16357.337254455131
2018-07-14 00:00:00,14362.0,14457.165392857143,15621.093120666772
2018-07-14 01:00:00,13304.0,13761.896922077924,14339.134103785103
2018-07-14 02:00:00,12420.0,12456.885382575761,12648.528781255702
2018-07-14 03:00:00,11830.0,12084.23128148766,11649.168508513372
2018-07-14 04:00:00,11500.0,11232.787598095112,11207.777408589762
2018-07-14 05:00:00,11260.0,11370.436451345007,11079.572413051686
2018-07-14 06:00:00,11353.0,11356.799078094406,11178.255682892954
2018-07-14 07:00:00,11505.0,12070.212434213432,11671.88404929957
2018-07-14 08:00:00,11851.0,12809.662805677543,12619.837255338041
2018-07-14 09:00:00,12354.0,13005.301239263103,13168.70623631564
2018-07-14 10:00:00,12940.0,13214.65125353024,13643.416753422176
2018-07-14 11:00:00,13414.0,13425.620846093116,13735.517352737863
2018-07-14 12:00:00,13515.0,13930.043631070857,13742.627953784884
2018-07-14 13:00:00,13508.0,14116.383795651065,13894.751611673617
2018-07-14 14:00:00,13642.0,13974.176916530188,13831.835380413653
2018-07-14 15:00:00,13788.0,13932.630202244474,13630.210979631638
2018-07-14 16:00:00,14180.0,14164.546469952247,14251.450150418454
2018-07-14 17:00:00,14653.0,13952.2455212343,13978.512460359885
2018-07-14 18:00:00,14905.0,13907.621521234301,13869.460890218315
2018-07-14 19:00:00,14664.0,13837.884572195031,13774.580420438093
2018-07-14 20:00:00,14315.0,16047.52947811281,16343.946939618192
2018-07-14 21:00:00,14013.0,13765.9899644284,13907.654268086037
2018-07-14 22:00:00,13841.0,13775.510078300038,14027.400117229647
2018-07-14 23:00:00,13186.0,13859.966507160065,13920.976164848693
2018-07-15 00:00:00,12381.0,13590.75216915317,14182.98814767858
2018-07-15 01:00:00,11527.0,12684.441950533754,13254.128063984492
2018-07-15 02:00:00,10870.0,11958.38831678172,12000.284211165164
2018-07-15 03:00:00,10413.0,11714.795852239611,11483.963646230428
2018-07-15 04:00:00,10183.0,10747.058214610475,10978.26853588447
2018-07-15 05:00:00,9966.0,10834.08929908053,11035.20423339413
2018-07-15 06:00:00,9875.0,10631.558564730873,10753.641616513996
2018-07-15 07:00:00,10025.0,11290.197156308488,11504.1152307655
2018-07-15 08:00:00,10940.0,11717.088878969886,11696.201348786848
2018-07-15 09:00:00,12192.0,11888.807682619949,12632.320113091126
2018-07-15 10:00:00,13439.0,12441.197876395858,13055.501257404008
2018-07-15 11:00:00,14594.0,13428.658093917242,13621.25042501545
2018-07-15 12:00:00,15497.0,14124.078404838529,13922.378061639696
2018-07-15 13:00:00,16147.0,14324.861158870457,15189.236258329294
2018-07-15 14:00:00,16558.0,15267.047655726044,16726.049159423743
2018-07-15 15:00:00,16976.0,15958.911209088248,17838.71329345879
2018-07-15 16:00:00,17224.0,16688.471086319998,18241.650520091018
2018-07-15 17:00:00,17320.0,16635.30108632,17966.403189005436
2018-07-15 18:00:00,17307.0,16461.57708453747,17863.09718900544
2018-07-15 19:00:00,17092.0,16666.093341597778,18349.480799506047
2018-07-15 20:00:00,16663.0,15947.433148029533,17130.307094311247
2018-07-15 21:00:00,16199.0,15843.903148029533,16599.344274714174
2018-07-15 22:00:00,15806.0,15761.952515873018,16390.957663908313
2018-07-15 23:00:00,14879.0,16137.352746031747,16455.90521976912
2018-07-16 00:00:00,13757.0,14089.16372968698,14529.81155355164
2018-07-16 01:00:00,12869.0,14549.53650575132,14732.912975340965
2018-07-16 02:00:00,12186.0,12650.788439287811,13267.14511946498
2018-07-16 03:00:00,11721.0,11945.285774107382,12085.067590772276
2018-07-16 04:00:00,11532.0,11304.657327392286,11529.707522703566
2018-07-16 05:00:00,11621.0,11676.885757652537,11492.406713172237
2018-07-16 06:00:00,12155.0,12006.235179406161,11580.386393269917
2018-07-16 07:00:00,13133.0,12680.989945680643,12666.465067819137
2018-07-16 08:00:00,14504.0,13224.41339887103,13380.286018281195
2018-07-16 09:00:00,15832.0,13658.112154861336,13731.725284254537
2018-07-16 10:00:00,16988.0,14373.245571174168,14773.957505191585
2018-07-16 11:00:00,17964.0,15887.5605216793,16174.486691148126
2018-07-16 12:00:00,18857.0,17340.246807604562,17715.876764296227
2018-07-16 13:00:00,19167.0,18205.572228708726,18210.469263977782
2018-07-16 14:00:00,19266.0,18243.957228708725,18406.349231395794
2018-07-16 15:00:00,19005.0,18251.450562042057,18382.866874252937
2018-07-16 16:00:00,18960.0,18251.450562042057,18382.866874252937
2018-07-16 17:00:00,19032.0,18237.150562042058,18333.004940325754
2018-07-16 18:00:00,18990.0,18071.692228708725,18148.461152446966
2018-07-16 19:00:00,18568.0,17516.628828553323,17443.49444276776
2018-07-16 20:00:00,17710.0,17179.147010371507,17077.3854489011
2018-07-16 21:00:00,16736.0,16950.251291307963,17190.191566480215
2018-07-16 22:00:00,15925.0,16891.278056013845,17002.625027519174
2018-07-16 23:00:00,14540.0,16735.726667124956,16990.29089290379
2018-07-17 00:00:00,13173.0,15090.941721318964,14782.35725569896
2018-07-17 01:00:00,12050.0,12794.422118387003,13175.080027848398
2018-07-17 02:00:00,11198.0,11866.793472103134,12878.155015200271
2018-07-17 03:00:00,10633.0,11118.374446201919,11607.497622893465
2018-07-17 04:00:00,10296.0,10859.928021567724,10800.7981338488
2018-07-17 05:00:00,10340.0,11032.233904232948,11151.025116118459
2018-07-17 06:00:00,10731.0,11130.123255940487,11472.726830836958
2018-07-17 07:00:00,11660.0,12082.324602327537,12019.131392057487
2018-07-17 08:00:00,12802.0,12235.518662190378,12137.856646505004
2018-07-17 09:00:00,13830.0,13222.532328010271,13166.435440580362
2018-07-17 10:00:00,14677.0,13529.46969255104,13606.269751065965
2018-07-17 11:00:00,15477.0,14210.579129554944,14027.44371734093
2018-07-17 12:00:00,16073.0,14188.205796221611,14232.939381857854
2018-07-17 13:00:00,16426.0,16219.919880619313,16429.529255194255
2018-07-17 14:00:00,16643.0,16226.406547285977,16398.830227899572
2018-07-17 15:00:00,16780.0,16226.406547285977,16386.55930482265
2018-07-17 16:00:00,16879.0,16201.594880619312,16795.137185836076
2018-07-17 17:00:00,16834.0,16140.731244255678,16921.70465935355
2018-07-17 18:00:00,16534.0,16124.79695854139,16928.105145677746
2018-07-17 19:00:00,15873.0,15940.980038183967,16454.751999180393
2018-07-17 20:00:00,14938.0,15884.908538183965,16543.01531851482
2018-07-17 21:00:00,14160.0,15831.117230542335,16100.8148982684
2018-07-17 22:00:00,13569.0,15809.548995248217,15845.203787157288
2018-07-17 23:00:00,12504.0,13603.541874263874,13617.951296461797
2018-07-18 00:00:00,11393.0,12259.093795728484,12311.003611255128
2018-07-18 01:00:00,10572.0,11413.427372253125,11537.787916218937
2018-07-18 02:00:00,9976.0,10892.095037111081,11019.205959552119
2018-07-18 03:00:00,9556.0,10094.162468251498,10016.18351923609
2018-07-18 04:00:00,9338.0,9773.554505597069,9683.300399029884
2018-07-18 05:00:00,9380.0,9764.176887595622,9646.63609083095
2018-07-18 06:00:00,9755.0,10323.010966654034,10274.373832167443
2018-07-18 07:00:00,10616.0,11150.70833811855,11007.073376739461
2018-07-18 08:00:00,11699.0,11865.714919922268,11762.341409893525
2018-07-18 09:00:00,12532.0,12297.03975989174,12102.602893270145
2018-07-18 10:00:00,13118.0,13087.55214592627,12874.827138419685
2018-07-18 11:00:00,13684.0,13323.372072687991,13223.858715359407
2018-07-18 12:00:00,14098.0,13486.090475316043,13680.816310022752
2018-07-18 13:00:00,14512.0,14157.00662018991,14197.217956752495
2018-07-18 14:00:00,14891.0,14137.832774036066,14168.78106054436
2018-07-18 15:00:00,15188.0,14102.180374036066,14218.922530410477
2018-07-18 16:00:00,15387.0,16111.021461313814,16085.722622372876
2018-07-18 17:00:00,15486.0,15994.927824950177,16177.10547692308
2018-07-18 18:00:00,15311.0,15603.93023239241,15695.158287031885
2018-07-18 19:00:00,14717.0,15313.678785721431,15525.160958749058
2018-07-18 20:00:00,13832.0,15338.073785721432,15444.336704906207
2018-07-18 21:00:00,13416.0,13749.36344748653,13737.764509254259
2018-07-18 22:00:00,12990.0,13521.79207864786,13466.674189051666
2018-07-18 23:00:00,12111.0,12623.432893649175,12878.824701478221
2018-07-19 00:00:00,11089.0,11632.340142333931,11569.24908639407
2018-07-19 01:00:00,10331.0,10908.186469256712,10608.21061557946
2018-07-19 02:00:00,9791.0,10028.305505790748,9826.55641242787
2018-07-19 03:00:00,9422.0,9493.924723785698,9462.438466126996
2018-07-19 04:00:00,9209.0,9294.527770743669,9280.679107208964
2018-07-19 05:00:00,9287.0,9294.877568070267,9401.532821364102
2018-07-19 06:00:00,9746.0,10043.538691333031,10015.991944115427
2018-07-19 07:00:00,10560.0,10868.108410841605,10791.059820758523
2018-07-19 08:00:00,11705.0,11335.574953925998,11291.200502921954
2018-07-19 09:00:00,12536.0,12072.141332693855,12170.53956154883
2018-07-19 10:00:00,13275.0,12682.972206173667,12647.732751430705
2018-07-19 11:00:00,14133.0,12911.326310763941,12935.593802899488
2018-07-19 12:00:00,14881.0,13478.025116204968,13759.636783675965
2018-07-19 13:00:00,15420.0,13924.624041027597,14204.80194745764
2018-07-19 14:00:00,15988.0,15476.299589576258,16041.769399773382
2018-07-19 15:00:00,16323.0,15840.912870436743,16533.015521410416
2018-07-19 16:00:00,16236.0,15813.375811613214,16303.170005537397
2018-07-19 17:00:00,15929.0,15812.05136716877,16548.16767822178
2018-07-19 18:00:00,15534.0,15767.448033835437,16776.712471361974
2018-07-19 19:00:00,15171.0,15454.761587164458,16410.541530136532
2018-07-19 20:00:00,14879.0,15151.00976416057,15827.304386446885
2018-07-19 21:00:00,14729.0,15041.94345463676,15858.441412087912
2018-07-19 22:00:00,14495.0,14269.977193919109,15212.641008436009
2018-07-19 23:00:00,13645.0,13081.795819141444,13313.977855730212
2018-07-20 00:00:00,12682.0,12475.094856804959,12255.050311596806
2018-07-20 01:00:00,11929.0,11881.448427012525,11698.048083045618
2018-07-20 02:00:00,11327.0,11138.51254132265,11011.355615623517
2018-07-20 03:00:00,10895.0,10812.591209828573,11120.03520266778
2018-07-20 04:00:00,10676.0,10805.772489965011,10964.438681572105
2018-07-20 05:00:00,10784.0,10364.106835783256,10182.159169494127
2018-07-20 06:00:00,11178.0,10636.15288449876,10740.709925266456
2018-07-20 07:00:00,11930.0,11461.102384572818,11427.387988877297
2018-07-20 08:00:00,13035.0,11709.37847658089,11967.806834449631
2018-07-20 09:00:00,13687.0,12684.609983803632,13402.98979622631
2018-07-20 10:00:00,14158.0,13151.19845544459,13559.498869331954
2018-07-20 11:00:00,14361.0,13797.378326958793,14359.27692628312
2018-07-20 12:00:00,14404.0,13731.234958837502,14320.058273033292
2018-07-20 13:00:00,14491.0,13780.110897719172,14851.2570825264
2018-07-20 14:00:00,14456.0,13760.937051565326,14671.350339604905
2018-07-20 15:00:00,14420.0,13725.284651565331,14795.921511097826
2018-07-20 16:00:00,14242.0,13697.93769504359,14678.446602346643
2018-07-20 17:00:00,14080.0,13668.030515556413,14259.804752376356
2018-07-20 18:00:00,13773.0,13570.424690159587,14296.442283155096
2018-07-20 19:00:00,13333.0,13377.431074453652,14134.955329861077
2018-07-20 20:00:00,12964.0,13301.658579948158,13764.002509047777
2018-07-20 21:00:00,12896.0,12650.750174868155,13376.23522237266
2018-07-20 22:00:00,12687.0,12443.195150795365,13276.808180542594
2018-07-20 23:00:00,12004.0,12438.50459523981,13168.477412888878
2018-07-21 00:00:00,11256.0,11665.838008687439,12063.386642103509
2018-07-21 01:00:00,10581.0,11065.564865252823,11412.070280879527
2018-07-21 02:00:00,10058.0,10601.750428051962,10488.787818519288
2018-07-21 03:00:00,9708.0,10247.381112731462,10155.36152311911
2018-07-21 04:00:00,9558.0,9964.358969578887,9850.385757194037
2018-07-21 05:00:00,9504.0,9581.393007920711,9739.523890949851
2018-07-21 06:00:00,9666.0,9791.45576815839,9909.428880605452
2018-07-21 07:00:00,9915.0,10434.611196290803,10383.695606100959
2018-07-21 08:00:00,10364.0,11147.105366774244,10960.987696815231
2018-07-21 09:00:00,10912.0,11328.610387094086,11119.592841155425
2018-07-21 10:00:00,11395.0,11271.651663461444,11619.97536458718
2018-07-21 11:00:00,11717.0,11478.418379417579,11559.820901366147
2018-07-21 12:00:00,12027.0,11998.580486841638,12194.32269281416
2018-07-21 13:00:00,12205.0,12250.81473516067,12225.537066227198
2018-07-21 14:00:00,12395.0,12189.737986558266,12262.202206750946
2018-07-21 15:00:00,12447.0,11980.57826350852,11984.523067254471
2018-07-21 16:00:00,12571.0,11980.57826350852,12135.084470763242
2018-07-21 17:00:00,12589.0,11910.448589059459,12108.853067254471
2018-07-21 18:00:00,12460.0,12307.850529303176,13207.136371923114
2018-07-21 19:00:00,12184.0,12296.350529303176,13068.51892703064
2018-07-21 20:00:00,11836.0,12390.595236849342,12824.123438394941
2018-07-21 21:00:00,11783.0,11813.02135349997,12337.737074880893
2018-07-21 22:00:00,11645.0,11623.559124570962,11994.222189900549
2018-07-21 23:00:00,11107.0,11535.977986840759,11895.569805795601
2018-07-22 00:00:00,10520.0,10937.676571550886,11203.771784392802
2018-07-22 01:00:00,9947.0,10236.099852319368,10035.5392350239
2018-07-22 02:00:00,9501.0,9656.246995403853,9697.059338746823
2018-07-22 03:00:00,9236.0,9280.003699594441,9353.46709158033
2018-07-22 04:00:00,9034.0,9101.461798575021,9331.036960617426
2018-07-22 05:00:00,9028.0,9191.150246853302,9397.545592016819
2018-07-22 06:00:00,9003.0,9286.355854502133,9488.183692885308
2018-07-22 07:00:00,9022.0,9539.3500917429,9937.75569821133
2018-07-22 08:00:00,9283.0,9591.599591742899,9986.932152245592
2018-07-22 09:00:00,9727.0,9841.452038875761,10187.146721002704
2018-07-22 10:00:00,10121.0,10086.370389263122,10528.651430307189
2018-07-22 11:00:00,10485.0,10404.091500033976,11008.033780651094
2018-07-22 12:00:00,10747.0,10690.569968028894,11385.845407541947
2018-07-22 13:00:00,11045.0,10816.703665867413,11094.686222942146
2018-07-22 14:00:00,11193.0,11014.845727652963,11177.310009131907
2018-07-22 15:00:00,11379.0,11112.415834056463,11718.716980391611
2018-07-22 16:00:00,11611.0,11084.297564027243,11567.092974976415
2018-07-22 17:00:00,11776.0,11627.892945955566,12309.155118897166
2018-07-22 18:00:00,11797.0,11740.397879956641,12405.861129953679
2018-07-22 19:00:00,11722.0,11791.71076124091,12549.795763969503
2018-07-22 20:00:00,11513.0,11630.098115418587,12420.567083752014
2018-07-22 21:00:00,11451.0,11602.92604924032,12323.440678542771
2018-07-22 22:00:00,11357.0,11280.79845926342,11753.838124619426
2018-07-22 23:00:00,10824.0,11145.39068901967,11645.938140173395
2018-07-23 00:00:00,10092.0,10678.582144284486,10434.542188157899
2018-07-23 01:00:00,9581.0,10009.554272520454,9660.09215610823
2018-07-23 02:00:00,9196.0,9341.950540907354,9323.141422873905
2018-07-23 03:00:00,8962.0,8998.50870271763,9063.628506486091
2018-07-23 04:00:00,8901.0,8744.372749613723,8879.260808968898
2018-07-23 05:00:00,9085.0,8820.439038846187,8909.375421620807
2018-07-23 06:00:00,9635.0,9708.835941274292,9696.169735063304
2018-07-23 07:00:00,10393.0,10486.184436626536,10453.440353387794
2018-07-23 08:00:00,11480.0,10825.48625977038,10849.321173734548
2018-07-23 09:00:00,12309.0,11140.374201938366,11159.732535521765
2018-07-23 10:00:00,13075.0,11962.415549567402,11876.46392800522
2018-07-23 11:00:00,13802.0,12347.596145278107,12192.29405632677
2018-07-23 12:00:00,14405.0,12837.511122567495,12749.572258073937
2018-07-23 13:00:00,15004.0,13299.4488754879,13325.615827405369
2018-07-23 14:00:00,15405.0,13332.54544801429,13352.59512525887
2018-07-23 15:00:00,15542.0,13680.439700591985,14000.523950142995
2018-07-23 16:00:00,15439.0,13831.321636362753,14888.45285879755
2018-07-23 17:00:00,15217.0,14080.389749017178,14684.036030625723
2018-07-23 18:00:00,14927.0,14274.856640991871,14741.600752437245
2018-07-23 19:00:00,14490.0,14104.984821367052,14947.451122599914
2018-07-23 20:00:00,13991.0,14203.091387868159,15094.287476734307
2018-07-23 21:00:00,13725.0,13322.175876434845,13612.806427488373
2018-07-23 22:00:00,13347.0,13190.542687265577,13369.763516817724
2018-07-23 23:00:00,12381.0,12947.257985831227,13104.33377675697
2018-07-24 00:00:00,11311.0,12079.477756065597,11482.850103672308
2018-07-24 01:00:00,10550.0,11053.52321351817,10745.866191843255
2018-07-24 02:00:00,9981.0,10683.893519520787,10545.645875223468
2018-07-24 03:00:00,9576.0,9600.08789360053,9642.689693924242
2018-07-24 04:00:00,9428.0,9405.806413955743,9340.954414561422
2018-07-24 05:00:00,9538.0,9374.939552167354,9376.041712485101
2018-07-24 06:00:00,10024.0,10175.67325790846,9916.700867320866
2018-07-24 07:00:00,10798.0,11059.408274918871,10817.6250735588
2018-07-24 08:00:00,11869.0,11476.916665058197,11443.412885177331
2018-07-24 09:00:00,12803.0,12149.828654564575,12213.502247980774
2018-07-24 10:00:00,13679.0,12634.525661748516,13105.486826790537
2018-07-24 11:00:00,14676.0,13283.102944685905,13438.465169767442
2018-07-24 12:00:00,15478.0,14158.333886986955,14470.309863773397
2018-07-24 13:00:00,16100.0,14148.775315558381,14495.772128561946
2018-07-24 14:00:00,16671.0,15993.97340646968,16525.141168147315
2018-07-24 15:00:00,17067.0,15993.97340646968,16496.433596718744
2018-07-24 16:00:00,17317.0,15985.138014312817,16754.773973443465
2018-07-24 17:00:00,17371.0,16430.94215599339,16880.62985486639
2018-07-24 18:00:00,17194.0,16331.910941707678,16756.779149960188
2018-07-24 19:00:00,16678.0,15974.844667197873,16433.391243033784
2018-07-24 20:00:00,15973.0,15840.536558303407,15951.662993784992
2018-07-24 21:00:00,15443.0,15715.39002029171,15924.660686092684
2018-07-24 22:00:00,14873.0,15488.031831427754,15518.381228217226
2018-07-24 23:00:00,13701.0,14584.046116527488,14815.326644263478
2018-07-25 00:00:00,12425.0,13685.251282160392,13970.81860825773
2018-07-25 01:00:00,11506.0,12319.545209877515,12167.480024324741
2018-07-25 02:00:00,10763.0,11065.4507356471,10861.386280133807
2018-07-25 03:00:00,10251.0,10744.481495110498,10579.055646173181
2018-07-25 04:00:00,9907.0,10324.466412281246,10372.956971961125
2018-07-25 05:00:00,9939.0,10065.295516870876,10101.778639635111
2018-07-25 06:00:00,10312.0,10382.098313366872,10391.064582054585
2018-07-25 07:00:00,11117.0,11201.987257767782,11370.551883562603
2018-07-25 08:00:00,12191.0,11848.1090279161,11897.072485907185
2018-07-25 09:00:00,13179.0,12371.75476409914,12447.86845387393
2018-07-25 10:00:00,14081.0,13076.767422976885,13051.028634305005
2018-07-25 11:00:00,15008.0,13906.266193571857,13753.169476374756
2018-07-25 12:00:00,15677.0,14257.584441745852,14051.527725516993
2018-07-25 13:00:00,16225.0,16897.216558638243,16414.493881173177
2018-07-25 14:00:00,16943.0,17134.2814788988,16449.171410294057
2018-07-25 15:00:00,17465.0,17123.0214788988,16701.11783830083
2018-07-25 16:00:00,17846.0,17122.2564788988,16443.7835038706
2018-07-25 17:00:00,18050.0,17060.98536778769,16255.496844669899
2018-07-25 18:00:00,17927.0,16970.800224930546,16036.007736833291
2018-07-25 19:00:00,17313.0,16675.556206893027,16102.46153797314
2018-07-25 20:00:00,16532.0,16559.803706893028,16059.910053724052
2018-07-25 21:00:00,15997.0,16151.383901448497,15629.615180708182
2018-07-25 22:00:00,15321.0,16100.252332821048,15522.79433821734
2018-07-25 23:00:00,14185.0,16030.751118535329,15721.530532356534
2018-07-26 00:00:00,13054.0,14885.999615482995,15065.973710655631
2018-07-26 01:00:00,12096.0,12632.027460275183,12972.020897641842
2018-07-26 02:00:00,11432.0,11422.142342776211,11601.070319095576
2018-07-26 03:00:00,10929.0,11129.801453542466,11021.347625883256
2018-07-26 04:00:00,10600.0,10999.676697354122,10950.17276313362
2018-07-26 05:00:00,10645.0,10758.563875007985,10439.341824967805
2018-07-26 06:00:00,11085.0,10729.033921072354,10545.272224342501
2018-07-26 07:00:00,11769.0,11532.702616883373,11714.26490079828
2018-07-26 08:00:00,12686.0,12084.146688895766,12403.872500274209
2018-07-26 09:00:00,13498.0,12836.39638125741,13069.893279275888
2018-07-26 10:00:00,14258.0,13390.039616327957,13685.821114072316
2018-07-26 11:00:00,14902.0,13894.4704989677,13916.310636104252
2018-07-26 12:00:00,15314.0,14509.648898257801,14470.595458127285
2018-07-26 13:00:00,15585.0,17187.46292703529,16743.305816407817
2018-07-26 14:00:00,15810.0,17286.35816513053,16640.08022660648
2018-07-26 15:00:00,15942.0,17275.098165130526,16737.247556144746
2018-07-26 16:00:00,15924.0,17275.098165130526,16847.208863260752
2018-07-26 17:00:00,15715.0,17273.77372068608,16677.086308757905
2018-07-26 18:00:00,15244.0,17190.450863543225,16827.90805417915
2018-07-26 19:00:00,14579.0,16874.579702648563,16335.386947619048
2018-07-26 20:00:00,13945.0,16693.260774077135,16339.584991674994
2018-07-26 21:00:00,13626.0,14005.190961420309,14064.975148897694
2018-07-26 22:00:00,13174.0,13845.081125872137,14058.578018156772
2018-07-26 23:00:00,12206.0,13541.148682578782,13766.8135986041
2018-07-27 00:00:00,11143.0,12239.474235966089,12572.396113743254
2018-07-27 01:00:00,10307.0,11178.722571718135,11289.170196922778
2018-07-27 02:00:00,9719.0,10560.828484664522,10542.692704888528
2018-07-27 03:00:00,9325.0,10060.369407124856,10196.706627540134
2018-07-27 04:00:00,9142.0,9608.321216827231,9524.191599533255
2018-07-27 05:00:00,9167.0,9630.171957140696,9526.686118433785
2018-07-27 06:00:00,9610.0,10092.61293466564,10227.75522207805
2018-07-27 07:00:00,10224.0,11070.254887770538,11003.39841750344
2018-07-27 08:00:00,11121.0,11795.55946756728,11593.116862204672
2018-07-27 09:00:00,11791.0,12206.074300034568,12004.103464172405
2018-07-27 10:00:00,12345.0,12277.82131599235,12027.836783627434
2018-07-27 11:00:00,12845.0,12846.843568464867,12781.788715815854
2018-07-27 12:00:00,13219.0,13052.337907349343,12976.846592524365
2018-07-27 13:00:00,13483.0,13495.812595724181,13229.191560274396
2018-07-27 14:00:00,13674.0,13728.011496003797,13623.802300182548
2018-07-27 15:00:00,13781.0,13692.685496003798,13706.861573939219
2018-07-27 16:00:00,13827.0,14407.439414497409,14292.508396391904
2018-07-27 17:00:00,13799.0,14308.665079027323,14157.43686532296
2018-07-27 18:00:00,13586.0,14060.74339067369,14096.600588851683
2018-07-27 19:00:00,13179.0,13789.160236954076,13813.35611608577
2018-07-27 20:00:00,12672.0,13240.264560415058,13278.138705276111
2018-07-27 21:00:00,12502.0,13077.202487272512,13182.123332055233
2018-07-27 22:00:00,12155.0,12417.967318256953,12659.45044081741
2018-07-27 23:00:00,11383.0,12146.844783264181,12287.436792384186
2018-07-28 00:00:00,10501.0,10900.243544471368,10977.127425837425
2018-07-28 01:00:00,9727.0,10282.539928030166,10192.206120778977
2018-07-28 02:00:00,9251.0,9517.628336197387,9532.222571780114
2018-07-28 03:00:00,8865.0,9137.221274004383,9198.46005526892
2018-07-28 04:00:00,8644.0,9023.119313348665,9096.498718495113
2018-07-28 05:00:00,8606.0,8889.839095449452,8822.500482449947
2018-07-28 06:00:00,8672.0,8947.48762602118,9102.678811366613
2018-07-28 07:00:00,8834.0,9389.929515925725,9519.520188928429
2018-07-28 08:00:00,9375.0,9656.94779044559,9764.179630158565
2018-07-28 09:00:00,10152.0,9659.45561464902,9911.900259160066
2018-07-28 10:00:00,10872.0,10290.403682455448,10168.383065980795
2018-07-28 11:00:00,11418.0,10645.482896551099,10459.92431699237
2018-07-28 12:00:00,11796.0,10965.540340554975,10913.229939020444
2018-07-28 13:00:00,12111.0,11577.74110015948,11572.884473944283
2018-07-28 14:00:00,12382.0,11716.525710806123,12158.436942815091
2018-07-28 15:00:00,12520.0,11705.23075205157,12638.928404088541
2018-07-28 16:00:00,12665.0,11801.969543680681,12627.278033252189
2018-07-28 17:00:00,12546.0,12518.552331916937,13124.954830874254
2018-07-28 18:00:00,12369.0,12513.732331916937,13293.369978488732
2018-07-28 19:00:00,12035.0,12664.642523239343,12961.608078302921
2018-07-28 20:00:00,11714.0,11913.870077860991,12308.15296307882
2018-07-28 21:00:00,11591.0,11719.88343049244,12104.600802807568
2018-07-28 22:00:00,11384.0,11526.211250326813,11726.940527260209
2018-07-28 23:00:00,10728.0,11268.928929731766,11566.295940936243
2018-07-29 00:00:00,10031.0,10480.332312215356,10497.833526158945
2018-07-29 01:00:00,9400.0,9708.844427609574,9584.759916812342
2018-07-29 02:00:00,8950.0,9352.340808698507,9303.217678030482
2018-07-29 03:00:00,8587.0,9095.927418883699,9023.011652989731
2018-07-29 04:00:00,8325.0,8696.707813455352,8596.031088289215
2018-07-29 05:00:00,8255.0,8510.448805443808,8528.388481176777
2018-07-29 06:00:00,8205.0,8866.107307620212,8841.601246141287
2018-07-29 07:00:00,8172.0,9015.566754307583,9165.488249502376
2018-07-29 08:00:00,8629.0,9143.85190222043,9244.665795099861
2018-07-29 09:00:00,9353.0,9086.03450678682,9164.290469901114
2018-07-29 10:00:00,10143.0,9396.518826998643,9548.6254871539
2018-07-29 11:00:00,10853.0,9901.544274161082,10107.798540462145
2018-07-29 12:00:00,11423.0,10280.691705179845,10617.156379644051
2018-07-29 13:00:00,11856.0,10840.182891876835,10673.823629623845
2018-07-29 14:00:00,12252.0,11375.345350907344,11900.817513902986
2018-07-29 15:00:00,12384.0,11516.89454205138,12150.961184492751
2018-07-29 16:00:00,12520.0,11931.695897722508,12360.611170782076
2018-07-29 17:00:00,12455.0,11975.875340650675,12248.872788336792
2018-07-29 18:00:00,12448.0,12486.936732415468,12745.537001892622
2018-07-29 19:00:00,12186.0,12321.121767521172,12701.260764792294
2018-07-29 20:00:00,11845.0,11784.670738877378,12069.706539014182
2018-07-29 21:00:00,11809.0,11576.482240419935,11964.181316673865
2018-07-29 22:00:00,11569.0,11274.035178587079,11639.926688843332
2018-07-29 23:00:00,10989.0,11222.244687325687,11519.943999676954
2018-07-30 00:00:00,10223.0,10597.907445820661,10144.706694245744
2018-07-30 01:00:00,9632.0,9982.9815435048,9509.095309532078
2018-07-30 02:00:00,9140.0,9235.075250131516,9124.693966619227
2018-07-30 03:00:00,8872.0,8793.30581261933,8761.135312217064
2018-07-30 04:00:00,8700.0,8682.884624168762,8605.101909305962
2018-07-30 05:00:00,8921.0,8770.449834815321,8555.695755214732
2018-07-30 06:00:00,9472.0,9273.645223573692,9101.447653949848
2018-07-30 07:00:00,10201.0,10017.512858953723,10048.389583940905
2018-07-30 08:00:00,11180.0,10660.230748582817,10567.048497131891
2018-07-30 09:00:00,12085.0,11180.96220391262,10966.569225751928
2018-07-30 10:00:00,12792.0,11450.204326294686,11280.756426556516
2018-07-30 11:00:00,13417.0,12135.182194836603,12007.578664480545
2018-07-30 12:00:00,13960.0,12854.468279658424,12736.453564567835
2018-07-30 13:00:00,14386.0,13218.259985109058,13151.765405024693
2018-07-30 14:00:00,14900.0,13605.85030000033,13890.749116500516
2018-07-30 15:00:00,15242.0,13571.503680534886,14092.387682365883
2018-07-30 16:00:00,15414.0,14046.409995452117,14783.794486220671
2018-07-30 17:00:00,15532.0,14245.29141163392,14948.409909108675
2018-07-30 18:00:00,15434.0,14517.924358612432,14746.416290890913
2018-07-30 19:00:00,14930.0,14160.72958600927,14991.451312207664
2018-07-30 20:00:00,14168.0,14163.025271557997,15355.049298823984
2018-07-30 21:00:00,13735.0,14068.080110796021,14760.684810195695
2018-07-30 22:00:00,13194.0,13127.133688320739,13588.715846054862
2018-07-30 23:00:00,12223.0,13003.065645311295,13313.405843792416
2018-07-31 00:00:00,11206.0,12049.639767991892,11282.022423792547
2018-07-31 01:00:00,10442.0,11008.5150866418,10662.03615843884
2018-07-31 02:00:00,9918.0,10090.01151526874,9820.78515281772
2018-07-31 03:00:00,9548.0,9606.090133799105,9629.433309873295
2018-07-31 04:00:00,9391.0,9496.232108538814,9456.102317298213
2018-07-31 05:00:00,9511.0,9360.316436365507,9422.444059026771
2018-07-31 06:00:00,10119.0,9968.423304562517,9815.966432510095
2018-07-31 07:00:00,10896.0,10668.172760655665,10679.85826387554
2018-07-31 08:00:00,11737.0,11508.288692087232,11365.050791873231
2018-07-31 09:00:00,12272.0,11858.414704951058,12008.260926360661
2018-07-31 10:00:00,12716.0,12552.662754368883,13142.42544632084
2018-07-31 11:00:00,13366.0,12787.008401063073,13124.248419123436
2018-07-31 12:00:00,13826.0,13017.180034375951,13394.069118225725
2018-07-31 13:00:00,14103.0,13597.307082351665,14007.027892512186
2018-07-31 14:00:00,14435.0,14165.573249379799,14601.240215478407
2018-07-31 15:00:00,14484.0,14394.370363909598,14624.466061401548
2018-07-31 16:00:00,14501.0,14385.788407387858,14383.403710378083
2018-07-31 17:00:00,14242.0,14267.159905251106,14145.429343457594
2018-07-31 18:00:00,13921.0,14177.172222711426,14358.254095102984
2018-07-31 19:00:00,13532.0,14017.137724799977,14002.866811850912
2018-07-31 20:00:00,13300.0,13880.871521487714,13790.858439214595
2018-07-31 21:00:00,13346.0,13102.477952483729,13195.979425184423
2018-07-31 22:00:00,12898.0,13019.919036518324,13161.502853937749
2018-07-31 23:00:00,11945.0,12585.311979036745,12906.164007849095
2018-08-01 00:00:00,10975.0,11722.815240721378,11507.9811480456
2018-08-01 01:00:00,10233.0,10815.39718544949,10483.466693291102
2018-08-01 02:00:00,9734.0,9997.830201911092,9866.34056256019
2018-08-01 03:00:00,9374.0,9492.733406227791,9634.22647974087
2018-08-01 04:00:00,9156.0,9414.997114497615,9574.61425433607
2018-08-01 05:00:00,9270.0,9491.073617642254,9625.28180597521
2018-08-01 06:00:00,9753.0,9902.119041998832,9983.960671491732
2018-08-01 07:00:00,10466.0,10883.621919272919,10889.952067432358
2018-08-01 08:00:00,11424.0,11385.624435461725,11261.958844902581
2018-08-01 09:00:00,12294.0,12104.079339905324,12046.79395975877
2018-08-01 10:00:00,13025.0,12392.248950054236,12607.916841059327
2018-08-01 11:00:00,13814.0,12669.931908588076,12710.207873706908
2018-08-01 12:00:00,14516.0,13146.778688545588,13192.35285643208
2018-08-01 13:00:00,15203.0,14043.02643267946,14043.882822250329
2018-08-01 14:00:00,15881.0,14055.195766012794,14357.390593663207
2018-08-01 15:00:00,16123.0,15624.554385277628,16225.643302031756
2018-08-01 16:00:00,15766.0,15606.538993120766,16209.163302031755
2018-08-01 17:00:00,15574.0,15596.247882009657,16467.696325686426
2018-08-01 18:00:00,15569.0,15614.14002104709,15608.277813338915
2018-08-01 19:00:00,15122.0,15350.004698918237,15719.176413405512
2018-08-01 20:00:00,14449.0,14496.934884921973,15246.591018826204
2018-08-01 21:00:00,14246.0,14439.404533699078,15050.8616360597
2018-08-01 22:00:00,13778.0,13272.522731524328,13468.724245554116
2018-08-01 23:00:00,12892.0,13222.06913256834,13425.410557874313
2018-08-02 00:00:00,11916.0,12535.051286683196,12690.16723003802
2018-08-02 01:00:00,11095.0,11517.696080363246,11273.040374016045
2018-08-02 02:00:00,10530.0,10916.269799487425,10780.453022895706
2018-08-02 03:00:00,10165.0,10183.651130090877,10076.89684144051
2018-08-02 04:00:00,9931.0,9891.7111341815,9858.474506194041
2018-08-02 05:00:00,9996.0,9874.144153839115,9847.421759538724
2018-08-02 06:00:00,10482.0,10299.521639670476,10369.359811417538
2018-08-02 07:00:00,11200.0,11194.788387170522,11083.094501007787
2018-08-02 08:00:00,12179.0,11636.78043453334,11466.665760620624
2018-08-02 09:00:00,13042.0,12211.397410580845,12155.193821694353
2018-08-02 10:00:00,13828.0,12949.454857196592,12943.634670644744
2018-08-02 11:00:00,14790.0,13445.918889588665,13487.218506041658
2018-08-02 12:00:00,15527.0,14349.8228328804,14006.78661783386
2018-08-02 13:00:00,16074.0,14349.8228328804,14295.431437481533
2018-08-02 14:00:00,16584.0,16881.10580243089,16856.268808113207
2018-08-02 15:00:00,16869.0,16886.25580243089,16781.513808113206
2018-08-02 16:00:00,17015.0,16829.852076940693,16644.47894097248
2018-08-02 17:00:00,17068.0,16773.29763249625,16321.77482792232
2018-08-02 18:00:00,16897.0,16643.36287059149,16398.70827373916
2018-08-02 19:00:00,16437.0,16256.319119891208,16931.85515473416
2018-08-02 20:00:00,15590.0,16079.559524653112,16610.90828449329
2018-08-02 21:00:00,15086.0,15592.099031517624,16248.729712034918
2018-08-02 22:00:00,14448.0,15494.039629160723,15500.099166168164
2018-08-02 23:00:00,13335.0,15400.6220101131,15496.587865801861
